<?xml version='1.0' encoding='UTF-8' ?>
<timeLogEntries>
  <time id="1" path="/TI1" start="@1613849041104" delta="1" />
  <time id="2" path="/TI1/PSP0/Planning" start="@1613849732695" delta="138" interrupt="12" comment="Terminamos la primera versión de los requerimientos funcionales" />
  <time id="3" path="/TI1/PSP0/Design" start="@1613935231217" delta="108" />
  <time id="4" path="/TI1/PSP0/Planning" start="@1615132456415" delta="181" />
  <time id="5" path="/TI1/PSP0/Code" start="@1615164651199" delta="74" />
  <time id="6" path="/TI1/PSP0/Code" start="@1615246267622" delta="8" interrupt="1" />
  <time id="7" path="/TI1/PSP0/Code" start="@1615735995287" delta="151" />
  <time id="8" path="/TI1/PSP0/Code" start="@1615767800756" delta="65" />
  <time id="9" path="/TI1/PSP0/Code" start="@1615852062732" delta="141" />
  <time id="10" path="/TI1/PSP0/Code" start="@1616171645028" delta="101" />
  <time id="11" path="/TI1/PSP0/Code" start="@1616267465014" delta="130" />
  <time id="12" path="/TI1/PSP0/Design" start="@1616283812300" delta="79" />
  <time id="13" path="/TI1/PSP0/Code" start="@1616340572794" delta="20" />
  <time id="14" path="/TI1/PSP0/Code" start="@1616343298425" delta="80" />
  <time id="15" path="/TI1/PSP0/Design" start="@1616348098037" delta="79" />
  <time id="16" path="/TI1/PSP0/Planning" start="@1616352884218" delta="184" />
</timeLogEntries>
