<?xml version='1.0' encoding='UTF-8' ?>
<timeLogEntries>
  <time id="1" path="/TI1/PSP0/Design" start="@1613935188561" delta="109" comment="primer diseño del diagrama de clase" />
  <time id="2" path="/TI1/PSP0/Planning" start="@1615132454863" delta="239" comment="Adelanto del método de la ingeniería y traducción de los requerimientos funcionales" />
  <time id="3" path="/TI1/PSP0/Code" start="@1615164710000" delta="137" comment="Estructura general de las clases e implementacion de nuestra Quee" />
  <time id="4" path="/TI1/PSP0/Code" start="@1615413359724" delta="214" comment="First advance in HashTable" />
  <time id="5" path="/TI1/PSP0/Code" start="@1615523106605" delta="171" comment="Better implementation of fxml files" />
  <time id="6" path="/TI1/PSP0/Code" start="@1615735997778" delta="152" comment="Section from 1 to 3 are implement but not tested" />
  <time id="7" path="/TI1/PSP0/Code" start="@1615767734702" delta="98" comment="Section 4 implemented but not tested" />
  <time id="8" path="/TI1/PSP0/Code" start="@1615847824660" delta="91" comment="Testing the program" />
  <time id="9" path="/TI1/PSP0/Code" start="@1616023452971" delta="274" comment="Troubleshooting simulating four section" />
  <time id="10" path="/TI1/PSP0/Code" start="@1616088702305" delta="62" comment="Data can be added by files" />
  <time id="11" path="/TI1/PSP0/Code" start="@1616350186037" delta="44" comment="Improving of the visual part of the program" />
  <time id="12" path="/TI1/PSP0/Planning" start="@1616352887168" delta="39" comment="Complexity analysis" />
</timeLogEntries>
