<?xml version='1.0' encoding='UTF-8' ?>
<timeLogEntries>
  <time id="1" path="/TI1/PSP0/Planning" start="@1613849598485" delta="151" interrupt="1" comment="Terminamos la versión 1 de los requerimientos funcionales" />
  <time id="2" path="/TI1/PSP0/Design" start="@1613935215000" delta="111" comment="Hicimos la versión 1 del diagrama de clases en Visual Paradigm." />
  <time id="3" path="/TI1/PSP0/Design" start="@1614738251682" delta="12" comment="Hice el fxml que se muestra al ejecutar el programa y también hice los dos donde se establecen los parametros iniciales." />
  <time id="4" path="/TI1/PSP0/Design" start="@1614739983299" delta="122" comment="Hice el fxml que se muestra al ejecutar el programa y también hice los dos donde se establecen los parametros iniciales." />
  <time id="5" path="/TI1/PSP0/Planning" start="@1614912315394" delta="146" comment="Comencé y avancé mucho el método de la ingeniería del paso 1 al 4. Sigo en el 4. Aún me falta corregir y mejorar algo del 3." />
  <time id="6" path="/TI1/PSP0/Planning" start="@1615132441804" delta="194" comment="Avanzamos más en el método de la ingeniería. Ya llegamos al paso 6 de este. En cuanto a los RF, estaban en español y los tradujimos al inglés." />
  <time id="7" path="/TI1/PSP0/Code" start="@1615164699682" delta="53" comment="Empezamos el código con la creación de las diferentes clases diseñadas en el diagrama de clases. También hicimos avances en la implementación de nuestra cola. Yo añadí los fxml's que había hecho anteriormente al proyecto, y finalmente hice push a GitHub." />
  <time id="8" path="/TI1/PSP0/Code" start="@1615242112531" delta="78" comment="Implementamos nuestra pila genérica y enlazamos los fxml al Main para que pueda ser ejecutado el programa mostrando GUI. Tuvimos un pequeño contratiempo con esto pero lo resolvimos." />
  <time id="9" path="/TI1/PSP0/Code" start="@1615424549641" delta="176" comment='Por una hora, revisamos la implemetación de la Hash Table genérica de Juan Pablo Ramos y discutimos al respecto. En una segunda hora, Jose y yo revisamos la GUI y discutimos de una primera manera de entender qué hacer con el ingreso de los datos de un libro para su adición al sistema. En 56 min más, yo solo me quedé averiguando cómo manejar un Alert de tipo CONFIRMATION para que haga una acción si escoge "Aceptar".' />
  <time id="10" path="/TI1/PSP0/Design" start="@1615517299225" delta="193" comment="Hice el diseño del TAD de Stack genérica." />
  <time id="12" path="/TI1/PSP0/Code" start="@1615572000000" delta="90" comment="Opción añadida para escoger el algoritmo de ordenamiento deseado, directorio nuevo creado para guardar sólo las estructuras de datos utilizadas, avances en addBook() en la clase Bookstore, y algunas correcciones en la GUI" />
  <time id="13" path="/TI1/PSP0/Design" start="@1615616820000" delta="210" comment="Hice el diseño del TAD de Queue genérica y Avancé mucho en el diseño del TAD de HashTable genérica. También mejoré cositas del TAD de Stack genérica y de Queue genérica a la vez." />
  <time id="14" path="/TI1/PSP0/Code" start="@1615744800000" delta="180" comment="Se intentó usar el implementar el counting sort pero aún nos falta. También se avanzó en lo que ocurre en cada una de las 4 secciones." />
  <time id="15" path="/TI1/PSP0/Code" start="@1615755602000" delta="120" comment="Los algoritmos de ordenamiento quedaron hechos. Se usa finalmente: bubble sort, merge sort y heap sort." />
  <time id="16" path="/TI1/PSP0/Code" start="@1615771620000" delta="87" comment="Avances en la sección 4, toString() en la clase MyStack y MyQueue hecho, algunas adiciones y correcciones en las clases Client, Cashier, Book y BookstoreGUI." />
  <time id="17" path="/TI1/PSP0/Code" start="@1615860451000" delta="187" comment="Mejora en la GUI, faltaba lanzar la excepción MyStackException en MyStack en los métodos pop y peek, así que se hizo, y por último, fueron implementados algunos métodos auxiliares pequeños en la clase Bookstore." />
  <time id="18" path="/TI1/PSP0/Design" start="@1615918077128" delta="112" comment="Terminé el diseño del TAD de Hash Table genérica." />
  <time id="19" path="/TI1/PSP0/Planning" start="@1616048220000" delta="72" comment="Comencé el README y lo dejé a la mitad." />
  <time id="20" path="/TI1/PSP0/Planning" start="@1616212200000" delta="38" comment="Terminé el README prácticamente." />
  <time id="21" path="/TI1/PSP0/Test" start="@1616132959811" delta="110" comment="Le hice los tests a la clase MyStack." />
  <time id="22" path="/TI1/PSP0/Code" start="@1616043600000" delta="274" comment="Muchas correciones hechas en lo que concierna al resultado que da la simulación y de sus 4 secciones." />
  <time id="23" path="/TI1/PSP0/Test" start="@1616220420000" delta="60" comment="MyQueueTest terminada." />
  <time id="24" path="/TI1/PSP0/Design" start="@1616288400000" delta="120" comment="Hice con Jose el diagrama de clases completo." />
  <time id="25" path="/TI1/PSP0/Code" start="@1616279220000" delta="270" comment="Hice algunos contratos de métodos y luego con Jose hicimos los tests del funcionamiento principal del programa (clase principal del modelo: Bookstore)." />
  <time id="26" path="/TI1/PSP0/Test" start="@1616176800000" delta="120" comment="Comencé MyQueueTest, y MyHashTableTest comenzada y revisada con Jose (su implementación de tests)." />
  <time id="27" path="/TI1/PSP0/Code" start="@1616224020000" delta="60" comment="Corregí un error del merge sort." />
  <time id="28" path="/TI1/PSP0/Code" start="@1616355000000" delta="270" comment="Mejora en el heap sort: ahora si un libro coincide con la estantería de otro, se desempata con el ISBN menor (ocurre también para los otros ordenamientos). Nos reunimos los tres del equipo y se le puso al programa que cubriera el caso donde un cliente no compra ningún libro. Cambié el texto de dos botones del fxml principal. Se terminó de escribir el formato del archivo de texto con los datos de entrada si escoge dicha opción en el programa. Por último, hicimos la complejidad temporal y espacial del bubble sort y la temporal del heap sort." />
  <time id="29" path="/TI1/PSP0/Code" start="@1616377800000" delta="100" comment="Hicimos la complejidad espacial del heap sort y la temporal y espacial del merge sort." />
  <time id="30" path="/TI1/PSP0/Design" start="@1616307300000" delta="70" comment="Comencé el diseño de los tests: la configuración de los escenarios." />
  <time id="31" path="/TI1/PSP0/Design" start="@1616468400000" delta="180" comment="Avancé en el diseño de los tests, me falta la clase MyHashTableTest y BookstoreTest." />
  <time id="32" path="/TI1/PSP0/Design" start="@1616489131000" delta="250" comment="Terminé el diseño de los tests completamente." />
</timeLogEntries>
