<?xml version='1.0' encoding='UTF-8' ?>
<timeLogEntries>
  <time id="7" comment="We start the code with the creation of the different classes designed in the class diagram. We also made progress in implementing our queue. I added the fxml's that I had previously made to the project, and finally I pushed to GitHub." flag="M" />
  <time id="1" comment="We finished version 1 of the functional requirements" flag="M" />
  <time id="5" comment="I started and advanced a lot the engineering method from step 1 to 4. I am still in 4. I still need to correct and improve some of the 3." flag="M" />
  <time id="6" comment="We advance further in the engineering method. We have already reached step 6 of this one. As for the RF, they were in Spanish and we translated them into English." flag="M" />
  <time id="19" comment="I started the README and left it in the middle." flag="M" />
  <time id="20" comment="I practically finished the README." flag="M" />
  <time id="2" comment="We made version 1 of the class diagram in Visual Paradigm." flag="M" />
  <time id="3" comment="I made the fxml shown when running the program and also made the two where the initial parameters are set." flag="M" />
  <time id="4" comment="I made the fxml shown when running the program and also made the two where the initial parameters are set." flag="M" />
  <time id="10" comment="I did the generic Stack TAD layout." flag="M" />
  <time id="13" comment="I did the generic Queue TAD layout and I made a lot of progress in the generic HashTable TAD layout. I also improved TAD things from generic Stack and generic Queue at the same time." flag="M" />
  <time id="18" comment="I finished the design of the generic Hash Table TAD." flag="M" />
  <time id="24" comment="I made the complete class diagram with Jose." flag="M" />
  <time id="30" comment="I started the design of the tests: the configuration of the scenarios." flag="M" />
  <time id="31" comment="I made progress in the design of the tests, I am missing the MyHashTableTest and BookstoreTest class." flag="M" />
  <time id="32" comment="I finished the design of the tests completely." flag="M" />
  <time id="21" comment="I did the tests to the MyStack class." flag="M" />
  <time id="26" comment="I started MyQueueTest, and started and reviewed MyHashTableTest with Jose (his test implementation)." flag="M" />
  <time id="23" comment="MyQueueTest completed." flag="M" />
  <time id="8" comment="We implement our generic stack and link the fxml to Main so that the program can be executed showing GUI. We had a little hiccup with this but we resolved it." flag="M" />
  <time id="9" comment='For an hour, we reviewed the implementation of the generic Hash Table by Juan Pablo Ramos and discussed about it. In a second hour, Jose and I reviewed the GUI and discussed in a first way to understand what to do with the data entry of a book for its addition to the system. In 56 min more, I was just figuring out how to handle an Alert of type CONFIRMATION so that it does an action if it chooses "OK".' flag="M" />
  <time id="12" comment="Added option to choose the desired sort algorithm, new directory created to store only the data structures used, advancements in addBook () in the Bookstore class, and some fixes in the GUI" flag="M" />
  <time id="14" comment="We tried to use the implement counting sort but we are still missing. Progress was also made in what happens in each of the 4 sections." flag="M" />
  <time id="15" comment="The ordering algorithms are done. It is finally used: bubble sort, merge sort and heap sort." flag="M" />
  <time id="16" comment="Progress in section 4, toString () in the MyStack class and MyQueue done, some additions and corrections in the Client, Cashier, Book and BookstoreGUI classes." flag="M" />
  <time id="17" comment="Improvement in the GUI, the exception MyStackException was missing in MyStack in the pop and peek methods, so it was done, and finally, some small helper methods were implemented in the Bookstore class." flag="M" />
  <time id="22" comment="Many corrections made regarding the result of the simulation and its 4 sections." flag="M" />
  <time id="27" comment="I fixed a bug with the merge sort." flag="M" />
  <time id="25" comment="I did some method contracts and then with Jose we did the tests of the main operation of the program (main class of the model: Bookstore)." flag="M" />
  <time id="28" comment="Improvement in the heap sort: now if a book matches the bookshelf of another, it is broken with the lowest ISBN (it also happens for the other orderings). The three of us from the team got together and the program was put to cover the case where a client does not buy any books. I changed the text of two buttons from the main fxml. You have finished writing the text file format with the input data if you choose this option in the program. Finally, we made the temporal and spatial complexity of the bubble sort and the temporal complexity of the heap sort." flag="M" />
  <time id="29" comment="We made the spatial complexity of the heap sort and the temporal and spatial complexity of the merge sort." flag="M" />
</timeLogEntries>
